chain,reference_residue,score
A,1,0.010858360036763793
A,2,0.009719194798420152
A,3,0.012845731938063707
A,4,0.01397917887377521
A,5,0.014852877553386162
A,6,0.014402790354798701
A,7,0.01188230204270893
A,8,None
A,9,0.017833389224234292
A,10,0.014818799629050021
A,11,None
A,12,0.024031477387415484
A,13,0.01981487691581588
A,14,0.015415048227419532
A,15,None
A,16,0.027388066758794048
A,17,0.028319609012097277
A,18,0.02589221395391751
A,19,None
A,20,0.02510204175017617
A,21,0.02286418827659737
A,22,0.022617744057493668
A,23,0.01978573894611181
A,24,None
A,25,0.01260488758103171
A,26,0.01184287880194313
A,27,0.01184287880194313
A,28,0.012500816513162193
A,29,0.0049053421510385515
A,30,0.005545169388130537
A,31,0.0049053421510385515
A,32,0.00980755100094794
A,33,None
A,34,None
A,35,0.012398574971411518
A,36,None
A,37,0.02350905396594993
A,38,None
A,39,0.028905381409293773
A,40,0.02177196855033993
A,41,0.025255483518394316
A,42,None
A,43,0.02585770682623404
A,44,0.026852234011858427
A,45,0.032394565533729734
A,46,0.03532879950024794
A,47,0.029808674578334204
A,48,0.034067056660953374
A,49,0.03668759948102671
A,50,0.030039346734269355
A,51,0.02922747249820802
A,52,0.024031477387415484
A,53,0.03089761378381991
A,54,0.031707671440163614
A,55,None
A,56,None
A,57,0.02350905396594993
A,58,0.022529510050702015
A,59,0.01199911691413675
A,60,0.008405790095930942
A,61,None
A,62,0.0
A,63,0.0
A,64,0.0
A,65,0.0