chain,reference_residue,score
A,1,2.8154930553220474
A,2,3.0746903739428015
A,3,2.2967681909020756
A,4,2.2967681909020756
A,5,2.2967681909020756
A,6,2.2967681909020756
A,7,2.2967681909020756
A,8,None
A,9,1.83866239426718
A,10,1.7166794190897838
A,11,None
A,12,1.8421849386778586
A,13,1.83866239426718
A,14,1.5249337878117666
A,15,None
A,16,1.8421849386778586
A,17,1.4463614971733434
A,18,1.4463614971733434
A,19,None
A,20,1.621946025462329
A,21,1.1838361357866345
A,22,1.4606619219796724
A,23,2.012053451745807
A,24,None
A,25,1.8558694260478041
A,26,2.170069859259336
A,27,2.170069859259336
A,28,2.170069859259336
A,29,3.4280926053337857
A,30,4.4441025446939015
A,31,4.4441025446939015
A,32,3.027001238809743
A,33,None
A,34,None
A,35,2.0275157363630125
A,36,None
A,37,1.8421849386778586
A,38,None
A,39,0.8225078653232037
A,40,0.747916872974292
A,41,0.747916872974292
A,42,None
A,43,0.9294197999345296
A,44,0.9294197999345296
A,45,1.0342302505390797
A,46,0.8225078653232037
A,47,1.621946025462329
A,48,1.621946025462329
A,49,0.8225078653232037
A,50,1.8421849386778586
A,51,1.8421849386778586
A,52,1.8421849386778586
A,53,1.4739925687720623
A,54,1.396687902964941
A,55,None
A,56,None
A,57,1.8421849386778586
A,58,1.8421849386778586
A,59,2.2967681909020756
A,60,3.0746903739428015
A,61,None
A,62,None
A,63,4.208902869431598
A,64,None
A,65,None