chain,reference_residue,score
A,1,0.019158437647602975
A,2,0.030658952665624014
A,3,0.03636130883321895
A,4,0.039569659612620614
A,5,0.0420427633384094
A,6,0.040768740206942454
A,7,0.03363421067072752
A,8,None
A,9,0.03992798322152255
A,10,0.035009166083604285
A,11,None
A,12,0.038954664422829216
A,13,0.04436442580169172
A,14,0.03130056667164887
A,15,None
A,16,0.046130523658613545
A,17,0.0430658020194537
A,18,0.039374447560643386
A,19,None
A,20,0.04181712564326402
A,21,0.03578010720277739
A,22,0.03160383497462149
A,23,0.032658203762258475
A,24,None
A,25,0.025816780886663046
A,26,0.027826832639073915
A,27,0.027826832639073915
A,28,0.029372767785689133
A,29,0.023530194716452277
A,30,0.026096589726291728
A,31,0.02308544475787345
A,32,0.024843270176724327
A,33,None
A,34,None
A,35,0.02864759155101015
A,36,None
A,37,0.03810782389189815
A,38,None
A,39,0.03493146470674561
A,40,0.024382888195363977
A,41,0.028284150306622215
A,42,None
A,43,0.03250966562452205
A,44,0.03376003737931136
A,45,0.03837471424862186
A,46,0.04269401241935574
A,47,0.049657836701376024
A,48,0.05675181337300117
A,49,0.04433608982010019
A,50,0.04869333052853652
A,51,0.047377294568305806
A,52,0.038954664422829216
A,53,0.04373766504585125
A,54,0.04250503320025792
A,55,None
A,56,None
A,57,0.03810782389189815
A,58,0.036519997896402395
A,59,0.031287637833234905
A,60,0.0265158509540532
A,61,None
A,62,0.0
A,63,0.01678124765851646
A,64,0.0
A,65,0.0