chain,reference_residue,score
A,1,0.6245829986990835
A,2,0.6245829986990835
A,3,0.6245829986990835
A,4,None
A,5,0.6245829986990835
A,6,1.8936148487346849
A,7,0.6245829986990835
A,8,1.8936148487346849
A,9,1.8936148487346849
A,10,2.160657836876838
A,11,1.8936148487346849
A,12,1.8936148487346849
A,13,1.7715569499814854
A,14,1.7715569499814854
A,15,1.7715569499814854
A,16,None
A,17,1.8936148487346849
A,18,None
A,19,0.6245829986990835
A,20,0.6245829986990835
A,21,0.6245829986990835
A,22,0.6245829986990835
A,23,0.6245829986990835
A,24,0.6245829986990835
A,25,1.8936148487346849
A,26,1.6592729045810137
A,27,1.8936148487346849
A,28,1.6592729045810137
A,29,1.6240122397293644
A,30,1.1396390405464223
A,31,None
A,32,1.0981644958968426
A,33,1.1118358161502793
A,34,1.8365210288664477
A,35,1.8255258214478414
A,36,1.8255258214478414
A,37,2.160657836876838
A,38,2.160657836876838
A,39,2.160657836876838
A,40,None
A,41,1.8595214095118093
A,42,1.4771706589762634
A,43,1.012408413418636
A,44,1.012408413418636
A,45,0.2002986479320425
A,46,None
A,47,None
A,48,0.2957134117572179
A,49,0.4207775995642796
A,50,0.4207775995642796
A,51,1.0803085460382367
A,52,0.3471402286851432
A,53,1.2810909604087717
A,54,1.1396390405464223
A,55,None
A,56,None
A,57,0.6385684538799002
A,58,0.6385684538799002
A,59,None
A,60,0.13396917632520247
A,61,None
A,62,0.476846379065767
A,63,0.2957134117572179
A,64,0.2957134117572179
A,65,0.2957134117572179
A,66,0.2957134117572179
A,67,0.2002986479320425
A,68,0.2002986479320425
A,69,0.2002986479320425
A,70,1.012408413418636
A,71,0.2957134117572179
A,72,0.476846379065767
A,73,None
A,74,0.476846379065767
A,75,None
A,76,0.13396917632520247
A,77,None
A,78,0.13396917632520247
A,79,0.6385684538799002
A,80,0.6385684538799002
A,81,0.6385684538799002
A,82,0.6385684538799002
A,83,0.6385684538799002
A,84,0.13396917632520247
A,85,1.6592729045810137
A,86,1.6240122397293644
A,87,1.1396390405464223
A,88,None
A,89,None
A,90,None
A,91,None
A,92,0.6385684538799002