chain,reference_residue,score
A,1,0.003283967202976895
A,2,0.002648360647562012
A,3,0.002648360647562012
A,4,None
A,5,0.002565599377325699
A,6,0.006914160746166632
A,7,0.003157660772093168
A,8,0.009218880994888842
A,9,0.006727291536810777
A,10,0.004906194317281658
A,11,0.005926423496714256
A,12,0.006727291536810777
A,13,0.00929959803388457
A,14,0.007938681248438047
A,15,0.007233020693021333
A,16,None
A,17,0.00541108232308693
A,18,None
A,19,0.0021605047388005886
A,20,0.0020024190262054238
A,21,0.002648360647562012
A,22,0.0028310062094628404
A,23,0.003283967202976895
A,24,0.0024146817668947757
A,25,0.006550257548999967
A,26,0.005922970006741347
A,27,0.004978195737239975
A,28,0.00523195683928819
A,29,0.0072313621237269
A,30,0.007145598859445899
A,31,None
A,32,0.010799752201043549
A,33,0.010090874659909594
A,34,0.009920190661002483
A,35,0.00608466877778844
A,36,0.00811289170371792
A,37,0.005752089889226772
A,38,0.0059575216709848704
A,39,0.005212831462111762
A,40,None
A,41,0.009041860207775188
A,42,0.009800554548255295
A,43,0.009097167959081404
A,44,0.01032651498057889
A,45,0.0065233468937528055
A,46,None
A,47,None
A,48,0.00718661720484962
A,49,0.007575182057597374
A,50,0.006060145646077899
A,51,0.006471547836100182
A,52,0.005072672376986826
A,53,0.010453523674576908
A,54,0.007275518838708552
A,55,None
A,56,None
A,57,0.0036776700892428753
A,58,0.004203051530563286
A,59,None
A,60,0.0044790510004980785
A,61,None
A,62,0.00953624344904099
A,63,0.008007944885403863
A,64,0.009342602366304506
A,65,0.012186003086484138
A,66,0.011211122839565407
A,67,0.012662967499637799
A,68,0.011330023552307503
A,69,0.008969601978910106
A,70,0.010916601550897685
A,71,0.008243472676151034
A,72,0.010353635744673075
A,73,None
A,74,0.008427377931710642
A,75,None
A,76,0.0044790510004980785
A,77,None
A,78,0.00580617722286788
A,79,0.005448400132211667
A,80,0.008653341386453824
A,81,0.0063959479812919565
A,82,0.00507264839895569
A,83,0.0036776700892428753
A,84,0.0038235801223764085
A,85,0.006155243340339046
A,86,0.006401533683299223
A,87,0.007695260310172507
A,88,None
A,89,None
A,90,None
A,91,None
A,92,0.003975859555938243