chain,reference_residue,score
A,1,1.5444236650336065
A,2,0.9586096141727173
A,3,0.45779951754746084
A,4,0.45779951754746084
A,5,0.45779951754746084
A,6,0.45779951754746084
A,7,0.45779951754746084
A,8,None
A,9,0.5113558314756991
A,10,0.4810713938552493
A,11,None
A,12,1.141879385180621
A,13,0.5113558314756991
A,14,0.7124827555994887
A,15,None
A,16,1.2305012109175677
A,17,1.2410665535536023
A,18,1.2410665535536023
A,19,None
A,20,0.9386228885682049
A,21,0.7536451947832801
A,22,1.2396441470645367
A,23,1.2558826969077694
A,24,None
A,25,1.0045816776196976
A,26,1.0007434418391103
A,27,1.0007434418391103
A,28,1.0007434418391103
A,29,1.4367439085644877
A,30,1.4367439085644877
A,31,1.4367439085644877
A,32,1.5444236650336065
A,33,None
A,34,None
A,35,0.4376294721378192
A,36,None
A,37,1.141879385180621
A,38,None
A,39,0.9386228885682049
A,40,0.9260895519244854
A,41,0.9260895519244854
A,42,None
A,43,0.9381091322543273
A,44,0.9381091322543273
A,45,1.1216211864388466
A,46,0.9386228885682049
A,47,0.9386228885682049
A,48,0.9386228885682049
A,49,0.9386228885682049
A,50,1.141879385180621
A,51,1.141879385180621
A,52,1.141879385180621
A,53,1.141879385180621
A,54,1.1428020862540835
A,55,None
A,56,None
A,57,1.141879385180621
A,58,1.141879385180621
A,59,0.38557789086613486
A,60,0.9586096141727173
A,61,None
A,62,None
A,63,None
A,64,None
A,65,None