chain,reference_residue,score
A,1,0.015357275148607411
A,2,0.024553871534208613
A,3,0.029540649037324115
A,4,0.03216648450730848
A,5,0.032897540973383675
A,6,0.032897540973383675
A,7,0.02783638082363234
A,8,0.02809023643150476
A,9,0.032061183110578914
A,10,0.028894038833537534
A,11,0.026359474023578102
A,12,0.031984194397018884
A,13,0.03540088968459755
A,14,0.026358059378008933
A,15,0.02929728801483935
A,16,0.037101665500541905
A,17,0.03442393117726277
A,18,0.030838105012964565
A,19,0.03372878681867446
A,20,0.03316027745968261
A,21,0.02866623958465678
A,22,0.025429305401215515
A,23,0.027193233034977466
A,24,0.02455186743893657
A,25,0.02189832815760312
A,26,0.023664143189481415
A,27,0.023664143189481415
A,28,0.025207456875751943
A,29,0.018025101138121627
A,30,0.01939644967009954
A,31,0.018220907265851086
A,32,0.019280243788670756
A,33,0.02467112800605509
A,34,0.0258480679076586
A,35,0.024142669648287627
A,36,0.029445766270271352
A,37,0.0314420894072389
A,38,0.03252257981622718
A,39,0.028519584348236034
A,40,0.020230678341633397
A,41,0.025288347927041748
A,42,0.029953701597699233
A,43,0.027996695653196457
A,44,0.03058799911854687
A,45,0.03249063670411985
A,46,0.036876274566294394
A,47,0.04026605120104318
A,48,0.04567853444257938
A,49,0.036876274566294394
A,50,0.039469856915470114
A,51,0.03864756822973115
A,52,0.031984194397018884
A,53,0.0354987315783603
A,54,0.03400661484669846
A,55,0.03332533984907294
A,56,0.032545320614510445
A,57,0.0314420894072389
A,58,0.03041120122995238
A,59,0.0258480679076586
A,60,0.022106323699994875
A,61,0.021040123448681898
A,62,3.338675213675213e-05
A,63,0.01286414162322953
A,64,4.451566951566951e-05
A,65,0.0