chain,reference_residue,score
A,1,2.1122895099365264
A,2,2.6078425522250113
A,3,2.089604672832719
A,4,2.089604672832719
A,5,2.089604672832719
A,6,2.089604672832719
A,7,2.089604672832719
A,8,1.7954102012656368
A,9,1.7110729227162542
A,10,1.587946626762041
A,11,1.587946626762041
A,12,1.724098197872664
A,13,1.7110729227162542
A,14,1.4012748051894823
A,15,1.7110729227162542
A,16,1.724098197872664
A,17,1.3454586296030284
A,18,1.3454586296030284
A,19,1.724098197872664
A,20,1.5158312017572069
A,21,1.1008635159155387
A,22,1.343076771494876
A,23,1.8579541640579922
A,24,1.856361658471415
A,25,1.672637543239279
A,26,1.9373917798985056
A,27,1.9373917798985056
A,28,1.9373917798985056
A,29,2.6431080314926465
A,30,3.3427653431445226
A,31,3.3427653431445226
A,32,2.463607000110378
A,33,1.9373917798985056
A,34,2.089604672832719
A,35,1.856361658471415
A,36,1.724098197872664
A,37,1.724098197872664
A,38,1.5158312017572069
A,39,0.7728595374770584
A,40,0.6842651140733464
A,41,0.6842651140733464
A,42,0.9569438272952961
A,43,0.8542371894322219
A,44,1.0585115701870027
A,45,1.1456595865710386
A,46,0.9290368202139506
A,47,1.5158312017572069
A,48,1.688771657838096
A,49,0.9290368202139506
A,50,1.724098197872664
A,51,1.724098197872664
A,52,1.724098197872664
A,53,1.3790691292956396
A,54,1.299866116400832
A,55,1.3790691292956396
A,56,1.724098197872664
A,57,1.724098197872664
A,58,1.724098197872664
A,59,2.089604672832719
A,60,2.648332168226003
A,61,1.8918478102778182
A,62,-0.8428728790138298
A,63,2.862702293254912
A,64,-0.8428728790138298
A,65,None