chain,reference_residue,score
A,1,0.002772890921820967
A,2,0.002079668191365725
A,3,0.0021329930167853593
A,4,0.0015695608991439436
A,5,0.0020289445769421707
A,6,0.005555496320937897
A,7,0.002772890921820967
A,8,0.008064430143296946
A,9,0.005681757600959213
A,10,0.004197453859194575
A,11,0.004807641046965488
A,12,0.005681757600959213
A,13,0.007965206799174795
A,14,0.0058316692636815465
A,15,0.0055351437079011285
A,16,0.00384611283757239
A,17,0.0041666222407034225
A,18,0.004921952467773406
A,19,0.0016976883194822247
A,20,0.0015695608991439436
A,21,0.0021329930167853593
A,22,0.0023107424348508057
A,23,0.0026834428275686775
A,24,0.001980636372729262
A,25,0.0052082778008792786
A,26,0.0047015665363805675
A,27,0.0039682116578127835
A,28,0.0040385251017627955
A,29,0.005438626420298045
A,30,0.00542217680688077
A,31,0.007575362934733436
A,32,0.008285553209864696
A,33,0.007627340687476196
A,34,0.007595191915314744
A,35,0.004527301827624893
A,36,0.006433534176098533
A,37,0.005087822859629788
A,38,0.0049381810108171465
A,39,0.004305080881225205
A,40,0.006403401544434639
A,41,0.007141199473784864
A,42,0.007946991923700167
A,43,0.007095714849289361
A,44,0.008490690095142644
A,45,0.00512548684509149
A,46,0.005389962903637215
A,47,0.005389962903637215
A,48,0.005288265490361041
A,49,0.005637344787049208
A,50,0.004488996774872517
A,51,0.004845745363958444
A,52,0.003721118681295248
A,53,0.007693799379458146
A,54,0.005496453201495575
A,55,0.003349006813165723
A,56,0.002117062159284595
A,57,0.0026463276991057433
A,58,0.002905771591174934
A,59,0.002978383633917724
A,60,0.003135335700348655
A,61,0.005900091016682515
A,62,0.0069687932896837996
A,63,0.005963363212534791
A,64,0.0068360505119301265
A,65,0.009342602366304506
A,66,0.008758689718410475
A,67,0.010763522374692129
A,68,0.00935958467364533
A,69,0.0074231188790980195
A,70,0.008683660324577704
A,71,0.006518094674165934
A,72,0.007710154277948034
A,73,0.006160420315996003
A,74,0.006357495632693993
A,75,0.0035519769230545548
A,76,0.003073858529753583
A,77,0.003095182992110576
A,78,0.0038235801223764085
A,79,0.0037719693223003847
A,80,0.00507264839895569
A,81,0.004457781926355001
A,82,0.0035025429421360714
A,83,0.0026944427481803935
A,84,0.002818827367814989
A,85,0.0047015665363805675
A,86,0.004956722813436193
A,87,0.005732015481559671
A,88,0.0023917323120854453
A,89,0.004834229924206951
A,90,0.004090973479707766
A,91,0.0024699058524986937
A,92,0.002905771591174934