chain,reference_residue,score
A,1,-0.14945030786647956
A,2,-0.14945030786647956
A,3,-0.14945030786647956
A,4,-0.14945030786647956
A,5,-0.14945030786647956
A,6,1.0388647458936136
A,7,-0.14945030786647956
A,8,1.0388647458936136
A,9,1.0388647458936136
A,10,0.8948881511952362
A,11,1.0388647458936136
A,12,1.0388647458936136
A,13,1.1046521945288688
A,14,1.1046521945288688
A,15,1.1046521945288688
A,16,1.0388647458936136
A,17,1.0388647458936136
A,18,1.0106562564066774
A,19,-0.14945030786647956
A,20,-0.14945030786647956
A,21,-0.14945030786647956
A,22,-0.14945030786647956
A,23,-0.14945030786647956
A,24,-0.14945030786647956
A,25,1.0388647458936136
A,26,1.0106562564066774
A,27,1.0388647458936136
A,28,1.0106562564066774
A,29,1.0792889377672243
A,30,0.7192569884261613
A,31,0.7620731908923372
A,32,0.7620731908923372
A,33,0.739304834743292
A,34,1.2634168010972888
A,35,0.98525816937984
A,36,0.98525816937984
A,37,0.8948881511952362
A,38,0.8948881511952362
A,39,0.8948881511952362
A,40,1.1046521945288688
A,41,1.178289565408005
A,42,0.9520583106394381
A,43,0.6065310672009571
A,44,1.012408413418636
A,45,0.2002986479320425
A,46,0.2957134117572179
A,47,0.2957134117572179
A,48,0.2957134117572179
A,49,0.4207775995642796
A,50,0.4207775995642796
A,51,0.6081978369684121
A,52,-0.0270545508678447
A,53,0.8916480937317469
A,54,0.7192569884261613
A,55,-0.0270545508678447
A,56,0.05076514636946116
A,57,0.05076514636946116
A,58,0.05076514636946116
A,59,-0.26621575463754366
A,60,0.13396917632520247
A,61,0.6070719022150689
A,62,0.476846379065767
A,63,0.2957134117572179
A,64,0.2957134117572179
A,65,0.2957134117572179
A,66,0.2957134117572179
A,67,0.2002986479320425
A,68,0.2002986479320425
A,69,0.2002986479320425
A,70,1.012408413418636
A,71,0.2957134117572179
A,72,0.476846379065767
A,73,0.16776320927304966
A,74,0.476846379065767
A,75,-0.0270545508678447
A,76,0.13396917632520247
A,77,-0.26621575463754366
A,78,0.13396917632520247
A,79,0.6385684538799002
A,80,0.6385684538799002
A,81,0.6385684538799002
A,82,0.6385684538799002
A,83,0.05076514636946116
A,84,-0.26621575463754366
A,85,1.0106562564066774
A,86,1.0792889377672243
A,87,0.7192569884261613
A,88,-0.26621575463754366
A,89,0.7192569884261613
A,90,1.0106562564066774
A,91,0.05076514636946116
A,92,0.05076514636946116